{
	"pattrstorage" : 	{
		"name" : "synth01",
		"slots" : 		{
			"1" : 			{
				"id" : 1,
				"data" : 				{
					"attack" : [ 511 ],
					"decay" : [ 623 ],
					"main_out_level" : [ 128 ],
					"release" : [ 592 ],
					"reverb_damping" : [ 0.5 ],
					"reverb_decay" : [ 100 ],
					"reverb_fluctuate" : [ 0.1 ],
					"reverb_receive_level" : [ 114 ],
					"reverb_rotate" : [ 0.25 ],
					"reverb_send_level" : [ 118 ],
					"sustain" : [ 0.589475 ],
					"synth_level" : [ 129 ],
					"table_w1_sliders" : [ -0.052632000297308, -0.052632000297308, 0.473684012889862, 0.333332985639572, 0.017543999478221, -0.508772015571594, -0.649123013019562, -0.508772015571594, -0.368420988321304, -0.263157993555069, -0.08771900087595, 0.017543999478221, 0.052632000297308, 0.122807003557682, 0.263157993555069, 0.333332985639572, 0.368420988321304, 0.368420988321304, 0.333332985639572, 0.228070005774498, 0.122807003557682, -0.157894998788834, -0.298245996236801, -0.578947007656097 ],
					"table_w2_sliders" : [ 0.0, 0.0, 0.0, 0.0, 0.0, 0.0, -1.0, -1.0, 0.0, 0.0, 0.0, 0.0, 1.0, 0.0, 0.0, 0.0, 0.0, 0.0, 0.0, -1.0, 0.0, 0.0, 0.0, 0.0 ],
					"table_w3_sliders" : [ -0.719298005104065, -0.789474010467529, -0.894737005233765, -0.8245609998703, -0.719298005104065, -0.719298005104065, -0.859649002552032, -0.894737005233765, -0.789474010467529, -0.789474010467529, -0.789474010467529, -0.789474010467529, 0.08771900087595, 0.192982003092766, -0.192982003092766, -0.368420988321304, -0.368420988321304, -0.508772015571594, -0.368420988321304, 0.08771900087595, -0.017543999478221, 0.263157993555069, 0.08771900087595, -0.298245996236801 ],
					"table_w4_sliders" : [ 0.0, 0.263157993555069, 0.263157993555069, 0.263157993555069, 0.263157993555069, 0.263157993555069, 0.263157993555069, 0.263157993555069, 0.263157993555069, 0.263157993555069, 0.263157993555069, 0.263157993555069, 0.263157993555069, 0.263157993555069, 0.263157993555069, 0.263157993555069, 0.192982003092766, 0.263157993555069, 0.122807003557682, -0.228070005774498, -0.263157993555069, 0.0, 0.789474010467529, -0.578947007656097 ],
					"vector_slider" : [ 52, 70 ],
					"SYNTH01_poly.1::frequencies" : [ 50.0, 28.0, 41.0, 36.0 ],
					"SYNTH01_poly.2::frequencies" : [ 70.099997999999999, 64.099997999999999, 30.200001, 68.599997999999999 ],
					"SYNTH01_poly.3::frequencies" : [ 81.800003000000004, 81.199996999999996, 29.799999, 77.0 ],
					"SYNTH01_poly.4::frequencies" : [ 95.0, 76.300003000000004, 86.900002000000001, 28.799999 ],
					"SYNTH01_poly.5::frequencies" : [ 111.199996999999996, 76.400002000000001, 108.800003000000004, 114.0 ],
					"SYNTH01_poly.6::frequencies" : [ 131.5, 90.099997999999999, 101.699996999999996, 122.0 ],
					"SYNTH01_poly.7::frequencies" : [ 159.699996999999996, 148.100006000000008, 114.199996999999996, 122.800003000000004 ],
					"SYNTH01_poly.8::frequencies" : [ 211.600006000000008, 180.100006000000008, 200.0, 192.100006000000008 ],
					"SYNTH01_poly.9::frequencies" : [ 300.600006000000008, 340.799987999999985, 288.899993999999992, 278.100006000000008 ],
					"SYNTH01_poly.10::frequencies" : [ 357.600006000000008, 370.0, 360.200012000000015, 311.700012000000015 ],
					"SYNTH01_poly.11::frequencies" : [ 435.100006000000008, 462.700012000000015, 446.0, 200.799988000000013 ],
					"SYNTH01_poly.12::frequencies" : [ 508.400023999999974, 482.0, 303.600006000000008, 490.0 ],
					"SYNTH01_poly.13::frequencies" : [ 574.09997599999997, 512.40002400000003, 391.200012000000015, 544.799987999999985 ],
					"SYNTH01_poly.14::frequencies" : [ 625.09997599999997, 609.40002400000003, 361.799987999999985, 647.59997599999997 ],
					"SYNTH01_poly.15::frequencies" : [ 695.09997599999997, 709.09997599999997, 668.799987999999985, 725.0 ],
					"SYNTH01_poly.16::frequencies" : [ 805.09997599999997, 859.0, 768.700012000000015, 841.09997599999997 ],
					"SYNTH01_spatialize::pan_synth01_11_12" : [ 0.834710743801653 ],
					"SYNTH01_spatialize::pan_synth01_13_14" : [ 0.082644628099174 ],
					"SYNTH01_spatialize::pan_synth01_15_16" : [ 0.917355371900826 ],
					"SYNTH01_spatialize::pan_synth01_1_2" : [ 0.413223140495868 ],
					"SYNTH01_spatialize::pan_synth01_3_4" : [ 0.586776859504132 ],
					"SYNTH01_spatialize::pan_synth01_5_6" : [ 0.338842975206612 ],
					"SYNTH01_spatialize::pan_synth01_7_8" : [ 0.661157024793388 ],
					"SYNTH01_spatialize::pan_synth01_9_10" : [ 0.165289256198347 ],
					"freqs[1]" : [  ],
					"freqs[2]" : [  ],
					"freqs[3]" : [  ],
					"freqs[4]" : [  ],
					"freqs[5]" : [  ],
					"freqs[6]" : [  ],
					"freqs[7]" : [  ],
					"freqs[8]" : [  ],
					"freqs[9]" : [  ],
					"freqs[10]" : [  ],
					"freqs[11]" : [  ],
					"freqs[12]" : [  ],
					"freqs[13]" : [  ],
					"freqs[14]" : [  ],
					"freqs[15]" : [  ],
					"freqs[16]" : [  ],
					"freqs[17]" : [  ],
					"freqs[18]" : [  ],
					"freqs[19]" : [  ],
					"freqs[20]" : [  ],
					"freqs[21]" : [  ],
					"freqs[22]" : [  ],
					"freqs[23]" : [  ],
					"freqs[24]" : [  ],
					"freqs[25]" : [  ],
					"freqs[26]" : [  ],
					"freqs[27]" : [  ],
					"freqs[28]" : [  ],
					"freqs[29]" : [  ],
					"freqs[30]" : [  ],
					"freqs[31]" : [  ],
					"freqs[32]" : [  ]
				}

			}

		}

	}

}
