{
	"pattrstorage" : 	{
		"name" : "synth01",
		"slots" : 		{
			"1" : 			{
				"id" : 1,
				"data" : 				{
					"attack" : [ 511 ],
					"decay" : [ 623 ],
					"main_out_level" : [ 128 ],
					"release" : [ 592 ],
					"reverb_damping" : [ 0.5 ],
					"reverb_decay" : [ 100 ],
					"reverb_fluctuate" : [ 0.1 ],
					"reverb_receive_level" : [ 114 ],
					"reverb_rotate" : [ 0.25 ],
					"reverb_send_level" : [ 118 ],
					"sustain" : [ 0.589475 ],
					"synth_level" : [ 129 ],
					"table_w1_sliders" : [ -0.052632000297308, -0.052632000297308, 0.473684012889862, 0.333332985639572, 0.017543999478221, -0.508772015571594, -0.649123013019562, -0.508772015571594, -0.368420988321304, -0.263157993555069, -0.08771900087595, 0.017543999478221, 0.052632000297308, 0.122807003557682, 0.263157993555069, 0.333332985639572, 0.368420988321304, 0.368420988321304, 0.333332985639572, 0.228070005774498, 0.122807003557682, -0.157894998788834, -0.298245996236801, -0.578947007656097 ],
					"table_w2_sliders" : [ 0.0, 0.0, 0.0, 0.0, 0.0, 0.0, -1.0, -1.0, 0.0, 0.0, 0.0, 0.0, 1.0, 0.0, 0.0, 0.0, 0.0, 0.0, 0.0, -1.0, 0.0, 0.0, 0.0, 0.0 ],
					"table_w3_sliders" : [ -0.719298005104065, -0.789474010467529, -0.894737005233765, -0.8245609998703, -0.719298005104065, -0.719298005104065, -0.859649002552032, -0.894737005233765, -0.789474010467529, -0.789474010467529, -0.789474010467529, -0.789474010467529, 0.08771900087595, 0.192982003092766, -0.192982003092766, -0.368420988321304, -0.368420988321304, -0.508772015571594, -0.368420988321304, 0.08771900087595, -0.017543999478221, 0.263157993555069, 0.08771900087595, -0.298245996236801 ],
					"table_w4_sliders" : [ 0.0, 0.263157993555069, 0.263157993555069, 0.263157993555069, 0.263157993555069, 0.263157993555069, 0.263157993555069, 0.263157993555069, 0.263157993555069, 0.263157993555069, 0.263157993555069, 0.263157993555069, 0.263157993555069, 0.263157993555069, 0.263157993555069, 0.263157993555069, 0.192982003092766, 0.263157993555069, 0.122807003557682, -0.228070005774498, -0.263157993555069, 0.0, 0.789474010467529, -0.578947007656097 ],
					"vector_slider" : [ 52, 70 ],
					"SYNTH01_poly.1::frequencies" : [ 50.0, 28.0, 41.0, 36.0 ],
					"SYNTH01_poly.2::frequencies" : [ 70.099997999999999, 64.099997999999999, 30.200001, 68.599997999999999 ],
					"SYNTH01_poly.3::frequencies" : [ 81.800003000000004, 81.199996999999996, 29.799999, 77.0 ],
					"SYNTH01_poly.4::frequencies" : [ 95.0, 76.300003000000004, 86.900002000000001, 28.799999 ],
					"SYNTH01_poly.5::frequencies" : [ 111.199996999999996, 76.400002000000001, 108.800003000000004, 114.0 ],
					"SYNTH01_poly.6::frequencies" : [ 131.5, 90.099997999999999, 101.699996999999996, 122.0 ],
					"SYNTH01_poly.7::frequencies" : [ 159.699996999999996, 148.100006000000008, 114.199996999999996, 122.800003000000004 ],
					"SYNTH01_poly.8::frequencies" : [ 211.600006000000008, 180.100006000000008, 200.0, 192.100006000000008 ],
					"SYNTH01_poly.9::frequencies" : [ 300.600006000000008, 340.799987999999985, 288.899993999999992, 278.100006000000008 ],
					"SYNTH01_poly.10::frequencies" : [ 357.600006000000008, 370.0, 360.200012000000015, 311.700012000000015 ],
					"SYNTH01_poly.11::frequencies" : [ 435.100006000000008, 462.700012000000015, 446.0, 200.799988000000013 ],
					"SYNTH01_poly.12::frequencies" : [ 508.400023999999974, 482.0, 303.600006000000008, 490.0 ],
					"SYNTH01_poly.13::frequencies" : [ 574.09997599999997, 512.40002400000003, 391.200012000000015, 544.799987999999985 ],
					"SYNTH01_poly.14::frequencies" : [ 625.09997599999997, 609.40002400000003, 361.799987999999985, 647.59997599999997 ],
					"SYNTH01_poly.15::frequencies" : [ 695.09997599999997, 709.09997599999997, 668.799987999999985, 725.0 ],
					"SYNTH01_poly.16::frequencies" : [ 805.09997599999997, 859.0, 768.700012000000015, 841.09997599999997 ],
					"SYNTH01_spatialize::pan_synth01_11_12" : [ 0.834710743801653 ],
					"SYNTH01_spatialize::pan_synth01_13_14" : [ 0.082644628099174 ],
					"SYNTH01_spatialize::pan_synth01_15_16" : [ 0.917355371900826 ],
					"SYNTH01_spatialize::pan_synth01_1_2" : [ 0.413223140495868 ],
					"SYNTH01_spatialize::pan_synth01_3_4" : [ 0.586776859504132 ],
					"SYNTH01_spatialize::pan_synth01_5_6" : [ 0.338842975206612 ],
					"SYNTH01_spatialize::pan_synth01_7_8" : [ 0.661157024793388 ],
					"SYNTH01_spatialize::pan_synth01_9_10" : [ 0.165289256198347 ],
					"allPhasorFreqs::frequencies[10]" : [ 121.0, 111.099998474121094, 69.799995422363281, 114.800003051757812 ],
					"allPhasorFreqs::frequencies[11]" : [ 131.5, 90.099998474121094, 101.699996948242188, 122.0 ],
					"allPhasorFreqs::frequencies[12]" : [ 142.600006103515625, 150.099990844726562, 110.199996948242188, 102.699996948242188 ],
					"allPhasorFreqs::frequencies[13]" : [ 159.699996948242188, 148.100006103515625, 114.199996948242188, 122.800003051757812 ],
					"allPhasorFreqs::frequencies[14]" : [ 178.199996948242188, 158.800003051757812, 170.699996948242188, 186.699996948242188 ],
					"allPhasorFreqs::frequencies[15]" : [ 211.600006103515625, 180.100006103515625, 200.0, 192.100006103515625 ],
					"allPhasorFreqs::frequencies[16]" : [ 250.600006103515625, 228.100006103515625, 120.199996948242188, 251.70001220703125 ],
					"allPhasorFreqs::frequencies[17]" : [ 300.600006103515625, 340.79998779296875, 288.899993896484375, 278.100006103515625 ],
					"allPhasorFreqs::frequencies[18]" : [ 328.600006103515625, 370.100006103515625, 322.100006103515625, 291.20001220703125 ],
					"allPhasorFreqs::frequencies[19]" : [ 357.600006103515625, 370.0, 360.20001220703125, 311.70001220703125 ],
					"allPhasorFreqs::frequencies[1]" : [ 50.0, 28.0, 41.0, 36.0 ],
					"allPhasorFreqs::frequencies[20]" : [ 405.0, 422.600006103515625, 170.5, 371.29998779296875 ],
					"allPhasorFreqs::frequencies[21]" : [ 435.100006103515625, 462.70001220703125, 446.0, 200.79998779296875 ],
					"allPhasorFreqs::frequencies[22]" : [ 468.20001220703125, 463.100006103515625, 301.79998779296875, 500.0 ],
					"allPhasorFreqs::frequencies[23]" : [ 508.4000244140625, 482.0, 303.600006103515625, 490.0 ],
					"allPhasorFreqs::frequencies[24]" : [ 546.29998779296875, 506.4000244140625, 481.70001220703125, 381.79998779296875 ],
					"allPhasorFreqs::frequencies[25]" : [ 574.0999755859375, 512.4000244140625, 391.20001220703125, 544.79998779296875 ],
					"allPhasorFreqs::frequencies[26]" : [ 598.0, 607.5, 589.20001220703125, 536.5999755859375 ],
					"allPhasorFreqs::frequencies[27]" : [ 625.0999755859375, 609.4000244140625, 361.79998779296875, 647.5999755859375 ],
					"allPhasorFreqs::frequencies[28]" : [ 655.0999755859375, 629.0, 661.0999755859375, 525.70001220703125 ],
					"allPhasorFreqs::frequencies[29]" : [ 695.0999755859375, 709.0999755859375, 668.79998779296875, 725.0 ],
					"allPhasorFreqs::frequencies[2]" : [ 60.090000152587891, 38.090000152587891, 51.200000762939453, 52.200000762939453 ],
					"allPhasorFreqs::frequencies[30]" : [ 745.0999755859375, 689.20001220703125, 707.20001220703125, 661.0999755859375 ],
					"allPhasorFreqs::frequencies[31]" : [ 805.0999755859375, 859.0, 768.70001220703125, 841.0999755859375 ],
					"allPhasorFreqs::frequencies[32]" : [ 855.0999755859375, 899.5, 888.0, 840.20001220703125 ],
					"allPhasorFreqs::frequencies[3]" : [ 70.099998474121094, 64.099998474121094, 30.200000762939453, 68.599998474121094 ],
					"allPhasorFreqs::frequencies[4]" : [ 76.400001525878906, 80.199996948242188, 44.900001525878906, 69.099998474121094 ],
					"allPhasorFreqs::frequencies[5]" : [ 81.800003051757812, 81.199996948242188, 29.799999237060547, 77.0 ],
					"allPhasorFreqs::frequencies[6]" : [ 89.599998474121094, 66.0, 86.900001525878906, 58.0 ],
					"allPhasorFreqs::frequencies[7]" : [ 95.0, 76.300003051757812, 86.900001525878906, 28.799999237060547 ],
					"allPhasorFreqs::frequencies[8]" : [ 102.099998474121094, 101.400001525878906, 68.800003051757812, 98.800003051757812 ],