{
	"pattrstorage" : 	{
		"name" : "synth02",
		"slots" : 		{
			"1" : 			{
				"id" : 1,
				"data" : 				{
					"attack" : [ 64 ],
					"decay" : [ 622 ],
					"delay_receive_level" : [ 110 ],
					"delay_send_level" : [ 115 ],
					"flange_receive_level" : [ 123 ],
					"flange_send_level" : [ 118 ],
					"main_out_level" : [ 124 ],
					"release" : [ 690 ],
					"reverb_receive_level" : [ 105 ],
					"reverb_send_level" : [ 112 ],
					"sustain" : [ 0.654972 ],
					"synth_level" : [ 109 ],
					"SYNTH02_poly.1::preset" : [ 1.0 ],
					"SYNTH02_poly.1::sweep_mod_level" : [ 10.0 ],
					"SYNTH02_poly.1::sweep_carrier_freq" : [ 677.0 ],
					"SYNTH02_poly.2::preset" : [ 3.0 ],
					"SYNTH02_poly.2::sweep_mod_level" : [ 10.27 ],
					"SYNTH02_poly.2::sweep_carrier_freq" : [ 709.100000000000023 ],
					"SYNTH02_poly.3::preset" : [ 5.0 ],
					"SYNTH02_poly.3::sweep_mod_level" : [ 10.76 ],
					"SYNTH02_poly.3::sweep_carrier_freq" : [ 720.0 ],
					"SYNTH02_poly.4::preset" : [ 7.0 ],
					"SYNTH02_poly.4::sweep_mod_level" : [ 11.09 ],
					"SYNTH02_poly.4::sweep_carrier_freq" : [ 753.360000000000014 ],
					"SYNTH02_poly.5::preset" : [ 9.0 ],
					"SYNTH02_poly.5::sweep_mod_level" : [ 13.039999999999999 ],
					"SYNTH02_poly.5::sweep_carrier_freq" : [ 742.139999999999986 ],
					"SYNTH02_poly.6::preset" : [ 11.0 ],
					"SYNTH02_poly.6::sweep_mod_level" : [ 15.130000000000001 ],
					"SYNTH02_poly.6::sweep_carrier_freq" : [ 731.019999999999982 ],
					"SYNTH02_poly.7::preset" : [ 13.0 ],
					"SYNTH02_poly.7::sweep_mod_level" : [ 18.780000000000001 ],
					"SYNTH02_poly.7::sweep_carrier_freq" : [ 742.139999999999986 ],
					"SYNTH02_poly.8::preset" : [ 15.0 ],
					"SYNTH02_poly.8::sweep_mod_level" : [ 20.969999999999999 ],
					"SYNTH02_poly.8::sweep_carrier_freq" : [ 799.32000000000005 ],
					"SYNTH02_poly.9::preset" : [ 17.0 ],
					"SYNTH02_poly.9::sweep_mod_level" : [ 27.5 ],
					"SYNTH02_poly.9::sweep_carrier_freq" : [ 753.360000000000014 ],
					"SYNTH02_poly.10::preset" : [ 19.0 ],
					"SYNTH02_poly.10::sweep_mod_level" : [ 32.149999999999999 ],
					"SYNTH02_poly.10::sweep_carrier_freq" : [ 799.32000000000005 ],
					"SYNTH02_poly.11::preset" : [ 21.0 ],
					"SYNTH02_poly.11::sweep_mod_level" : [ 56.210000000000001 ],
					"SYNTH02_poly.11::sweep_carrier_freq" : [ 799.32000000000005 ],
					"SYNTH02_poly.12::preset" : [ 23.0 ],
					"SYNTH02_poly.12::sweep_mod_level" : [ 126.780000000000001 ],
					"SYNTH02_poly.12::sweep_carrier_freq" : [ 799.32000000000005 ],
					"SYNTH02_poly.13::preset" : [ 25.0 ],
					"SYNTH02_poly.13::sweep_mod_level" : [ 150.47999999999999 ],
					"SYNTH02_poly.13::sweep_carrier_freq" : [ 787.669999999999959 ],
					"SYNTH02_poly.14::preset" : [ 27.0 ],
					"SYNTH02_poly.14::sweep_mod_level" : [ 185.47999999999999 ],
					"SYNTH02_poly.14::sweep_carrier_freq" : [ 742.139999999999986 ],
					"SYNTH02_poly.15::preset" : [ 29.0 ],
					"SYNTH02_poly.15::sweep_mod_level" : [ 204.430000000000007 ],
					"SYNTH02_poly.15::sweep_carrier_freq" : [ 742.139999999999986 ],
					"SYNTH02_poly.16::preset" : [ 31.0 ],
					"SYNTH02_poly.16::sweep_mod_level" : [ 256.079999999999984 ],
					"SYNTH02_poly.16::sweep_carrier_freq" : [ 742.139999999999986 ],
					"bp.Gigaverb::Damp" : [ 0.574016 ],
					"bp.Gigaverb::Dry" : [ 0.0 ],
					"bp.Gigaverb::Early" : [ 0.533465 ],
					"bp.Gigaverb::Regen" : [ 0.893701 ],
					"bp.Gigaverb::Size" : [ 97.748222000000013 ],
					"bp.Gigaverb::Spread" : [ 77.330710999999994 ],
					"bp.Gigaverb::Tail" : [ 0.25 ],
					"bp.Gigaverb::Time" : [ 11.0 ],
					"bp.Gigaverb::bypass" : [ 0.0 ],
					"flange::flange_delay" : [ 5.0 ],
					"flange::flange_depth" : [ 0.25 ],
					"flange::flange_feedback" : [ 0.68 ],
					"flange::flange_level" : [ 0.902 ],
					"flange::flange_rate" : [ 0.19 ],
					"delay::delay_feedback" : [ 0.6 ],
					"delay::delay_level" : [ 0.9 ],
					"delay::delay_output_level" : [ 0.9 ],
					"delay::delay_time" : [ 500.0 ],
					"SYNTH02_spatialize::pan_synth02_11_12" : [ 0.834710743801653 ],
					"SYNTH02_spatialize::pan_synth02_13_14" : [ 0.082644628099174 ],
					"SYNTH02_spatialize::pan_synth02_15_16" : [ 0.917355371900826 ],
					"SYNTH02_spatialize::pan_synth02_1_2" : [ 0.413223140495868 ],
					"SYNTH02_spatialize::pan_synth02_3_4" : [ 0.586776859504132 ],
					"SYNTH02_spatialize::pan_synth02_5_6" : [ 0.338842975206612 ],
					"SYNTH02_spatialize::pan_synth02_7_8" : [ 0.661157024793388 ],
					"SYNTH02_spatialize::pan_synth02_9_10" : [ 0.165289256198347 ],
					"allSettings::preset" : [ 1, 2, 3, 4, 5, 6, 7, 8, 9, 10, 11, 12, 13, 14, 15, 16, 17, 18, 19, 20, 21, 22, 23, 24, 25, 26, 27, 28, 29, 30, 31, 32 ],
					"allSettings::sweep_mod_level" : [ 10, 10, 10.27, 10.49, 10.76, 10.76, 11.09, 11.94, 13.039999999999999, 13.68, 15.130000000000001, 15.949999999999999, 18.780000000000001, 19.84, 20.969999999999999, 23.399999999999999, 27.5, 28.989999999999998, 32.149999999999999, 41.109999999999999, 56.210000000000001, 115.75, 126.780000000000001, 134.439999999999998, 150.47999999999999, 167.490000000000009, 185.47999999999999, 199.599999999999994, 204.430000000000007, 229.5, 256.079999999999984, 278.439999999999998 ],
					"allSettings::sweep_carrier_freq" : [ 677, 709.100000000000023, 709.100000000000023, 720, 720, 753.360000000000014, 753.360000000000014, 742.139999999999986, 742.139999999999986, 764.690000000000055, 731.019999999999982, 720, 742.139999999999986, 811.07000000000005, 799.32000000000005, 753.360000000000014, 753.360000000000014, 883.799999999999955, 799.32000000000005, 799.32000000000005, 799.32000000000005, 799.32000000000005, 799.32000000000005, 799.32000000000005, 787.669999999999959, 742.139999999999986, 742.139999999999986, 720, 742.139999999999986, 731.019999999999982, 742.139999999999986, 986.669999999999959 ]
				}

			}

		}

	}

}
