{
	"pattrstorage" : 	{
		"name" : "synth00",
		"slots" : 		{
			"1" : 			{
				"id" : 1,
				"data" : 				{
					"00table_w1_sliders" : [ -0.157894730567932, -0.263157904148102, -0.017543859779835, -0.263157904148102, -0.789473712444305, -0.789473712444305, -0.789473712444305, -0.649122834205627, -0.40350878238678, -0.789473712444305, -0.789473712444305, -0.789473712444305, -0.508771955966949, -0.789473712444305, -0.789473712444305, -0.29824560880661, -0.473684221506119, -0.614035069942474, -0.754385948181152, -0.789473712444305, -0.824561417102814, -0.824561417102814, -0.192982450127602, -0.228070169687271 ],
					"00table_w2_sliders" : [ -0.122807018458843, -0.122807018458843, -0.122807018458843, -0.228070169687271, -0.368421047925949, -0.087719298899174, -0.508771955966949, -0.29824560880661, -0.29824560880661, -0.473684221506119, -0.228070169687271, 0.157894730567932, 0.684210538864136, 0.333333343267441, 0.087719298899174, -0.052631579339504, -0.087719298899174, -0.052631579339504, -0.228070169687271, -0.263157904148102, -0.192982450127602, -0.192982450127602, -0.228070169687271, -0.29824560880661 ],
					"00table_w3_sliders" : [ 0.40350878238678, 0.438596487045288, 0.543859660625458, 0.614035069942474, 0.649122834205627, 0.684210538864136, 0.719298243522644, 0.754385948181152, 0.754385948181152, 0.157894730567932, -0.122807018458843, -0.333333343267441, -0.333333343267441, -0.333333343267441, -0.29824560880661, -0.122807018458843, 0.40350878238678, 0.40350878238678, 0.473684221506119, 0.508771955966949, 0.508771955966949, 0.508771955966949, 0.508771955966949, 0.508771955966949 ],
					"00table_w4_sliders" : [ -0.508771955966949, 0.40350878238678, -0.649122834205627, -0.508771955966949, -0.40350878238678, -0.333333343267441, -0.333333343267441, -0.333333343267441, -0.333333343267441, -0.333333343267441, -0.333333343267441, -0.333333343267441, -0.333333343267441, -0.333333343267441, -0.333333343267441, -0.333333343267441, -0.333333343267441, -0.333333343267441, -0.333333343267441, -0.333333343267441, 0.473684221506119, 0.0, 0.228070169687271, 0.0 ],
					"dry_level" : [ 68 ],
					"main_out_level" : [ 107 ],
					"poly_resonators_out_level" : [ 0.508207630878438 ],
					"poly_synth_out_level" : [ 0.508207630878438 ],
					"resonator_durations" : [ 3460.670654296875, 3400.304931640625, 3732.317138671875, 3792.682861328125, 3792.682861328125, 3641.768310546875, 3551.219482421875, 3702.134033203125 ],
					"resonator_filter_cutoffs" : [ 32.585365295410156, 40.268291473388672, 41.804878234863281, 41.804878234863281, 41.804878234863281, 41.804878234863281, 41.804878234863281, 41.804878234863281 ],
					"resonator_levels" : [ 0.682926833629608, 0.701219499111176, 0.670731723308563, 0.676829278469086, 0.676829278469086, 0.658536612987518, 0.664634168148041, 0.658536612987518 ],
					"resonator_pitches" : [ 1205.1368408203125, 1006.9473876953125, 1028.9683837890625, 1205.1368408203125, 1205.1368408203125, 1073.010498046875, 1183.1158447265625, 1006.9473876953125 ],
					"synth_pitches" : [ 7.263157844543457, 6.736842155456543, 6.736842155456543, 7.263157844543457, 7.263157844543457, 7.263157844543457, 7.684210300445557, 7.684210300445557, 7.684210300445557, 7.789473533630371, 7.684210300445557, 7.5789475440979, 7.473684310913086, 7.157894611358643, 7.368421077728271, 7.684210300445557 ],
					"vector_slider" : [ 77, 61 ],
					"wet_level" : [ 105 ],
					"SYNTH00_poly.1::frequencies" : [ 50.0, 28.0, 41.0, 36.0 ],
					"SYNTH00_poly.2::frequencies" : [ 50.0, 28.0, 41.0, 36.0 ],
					"SYNTH00_poly.3::frequencies" : [ 50.0, 28.0, 41.0, 36.0 ],
					"SYNTH00_poly.4::frequencies" : [ 50.0, 28.0, 41.0, 36.0 ],
					"SYNTH00_poly.5::frequencies" : [ 50.0, 28.0, 41.0, 36.0 ],
					"SYNTH00_poly.6::frequencies" : [ 50.0, 28.0, 41.0, 36.0 ],
					"SYNTH00_poly.7::frequencies" : [ 50.0, 28.0, 41.0, 36.0 ],
					"SYNTH00_poly.8::frequencies" : [ 50.0, 28.0, 41.0, 36.0 ],
					"SYNTH00_poly.9::frequencies" : [ 50.0, 28.0, 41.0, 36.0 ],
					"SYNTH00_poly.10::frequencies" : [ 50.0, 28.0, 41.0, 36.0 ],
					"SYNTH00_poly.11::frequencies" : [ 50.0, 28.0, 41.0, 36.0 ],
					"SYNTH00_poly.12::frequencies" : [ 50.0, 28.0, 41.0, 36.0 ],
					"SYNTH00_poly.13::frequencies" : [ 50.0, 28.0, 41.0, 36.0 ],
					"SYNTH00_poly.14::frequencies" : [ 50.0, 28.0, 41.0, 36.0 ],
					"SYNTH00_poly.15::frequencies" : [ 50.0, 28.0, 41.0, 36.0 ],
					"SYNTH00_poly.16::frequencies" : [ 50.0, 28.0, 41.0, 36.0 ],
					"SYNTH00_spatialize::pan_synth00_11_12" : [ 0.834710743801653 ],
					"SYNTH00_spatialize::pan_synth00_13_14" : [ 0.082644628099174 ],
					"SYNTH00_spatialize::pan_synth00_15_16" : [ 0.917355371900826 ],
					"SYNTH00_spatialize::pan_synth00_1_2" : [ 0.413223140495868 ],
					"SYNTH00_spatialize::pan_synth00_3_4" : [ 0.586776859504132 ],
					"SYNTH00_spatialize::pan_synth00_5_6" : [ 0.338842975206612 ],
					"SYNTH00_spatialize::pan_synth00_7_8" : [ 0.661157024793388 ],
					"SYNTH00_spatialize::pan_synth00_9_10" : [ 0.165289256198347 ]
				}

			}

		}

	}

}
